{
  "reflection_history": [
    {
      "reflection_id": 1,
      "date": "2023-01-06",
      "current_theta": {
        "gross_exposure": 0.85,
        "max_w": 0.2,
        "turnover_cap": 0.25,
        "risk_mode": "neutral",
        "enter_th": 0.02,
        "exit_th": -0.1,
        "factor_weights_delta": {},
        "timestamp": "2025-12-26T00:09:15.562164",
        "reflection_id": null
      },
      "new_theta": {
        "gross_exposure": 0.85,
        "max_w": 0.18,
        "turnover_cap": 0.25,
        "risk_mode": "neutral",
        "enter_th": 0.018,
        "exit_th": -0.1,
        "factor_weights_delta": {},
        "timestamp": "2025-12-26T00:09:36.186041",
        "reflection_id": 1
      },
      "weekly_return_before": 0.04281772639999993,
      "weekly_return_after": 0.05055065593623038,
      "account_equity_before": 1042817.7263999999,
      "account_equity_after": 1095532.8464914483,
      "adjustment_reason": "RAG/Naive reflection",
      "adjustment_source": "rag",
      "sharpe_ratio": null,
      "max_drawdown": null,
      "volatility": null,
      "win_rate": null
    },
    {
      "reflection_id": 2,
      "date": "2023-01-13",
      "current_theta": {
        "gross_exposure": 0.85,
        "max_w": 0.18,
        "turnover_cap": 0.25,
        "risk_mode": "neutral",
        "enter_th": 0.018,
        "exit_th": -0.1,
        "factor_weights_delta": {},
        "timestamp": "2025-12-26T00:09:36.186041",
        "reflection_id": 1
      },
      "new_theta": {
        "gross_exposure": 0.85,
        "max_w": 0.18,
        "turnover_cap": 0.25,
        "risk_mode": "neutral",
        "enter_th": 0.016,
        "exit_th": -0.1,
        "factor_weights_delta": {},
        "timestamp": "2025-12-26T00:09:59.738272",
        "reflection_id": 2
      },
      "weekly_return_before": 0.05055065593623038,
      "weekly_return_after": -0.0017697605242885826,
      "account_equity_before": 1095532.8464914483,
      "account_equity_after": 1093594.0157066663,
      "adjustment_reason": "RAG/Naive reflection",
      "adjustment_source": "rag",
      "sharpe_ratio": null,
      "max_drawdown": null,
      "volatility": null,
      "win_rate": null
    },
    {
      "reflection_id": 3,
      "date": "2023-01-20",
      "current_theta": {
        "gross_exposure": 0.85,
        "max_w": 0.18,
        "turnover_cap": 0.25,
        "risk_mode": "neutral",
        "enter_th": 0.016,
        "exit_th": -0.1,
        "factor_weights_delta": {},
        "timestamp": "2025-12-26T00:09:59.738272",
        "reflection_id": 2
      },
      "new_theta": {
        "gross_exposure": 0.85,
        "max_w": 0.18,
        "turnover_cap": 0.25,
        "risk_mode": "neutral",
        "enter_th": 0.017,
        "exit_th": -0.1,
        "factor_weights_delta": {},
        "timestamp": "2025-12-26T00:10:18.457366",
        "reflection_id": 3
      },
      "weekly_return_before": -0.0017697605242885826,
      "weekly_return_after": 0.06561291152565776,
      "account_equity_before": 1093594.0157066663,
      "account_equity_after": 1165347.9031042166,
      "adjustment_reason": "RAG/Naive reflection",
      "adjustment_source": "rag",
      "sharpe_ratio": null,
      "max_drawdown": null,
      "volatility": null,
      "win_rate": null
    },
    {
      "reflection_id": 4,
      "date": "2023-01-27",
      "current_theta": {
        "gross_exposure": 0.85,
        "max_w": 0.18,
        "turnover_cap": 0.25,
        "risk_mode": "neutral",
        "enter_th": 0.017,
        "exit_th": -0.1,
        "factor_weights_delta": {},
        "timestamp": "2025-12-26T00:10:18.457366",
        "reflection_id": 3
      },
      "new_theta": {
        "gross_exposure": 0.85,
        "max_w": 0.18,
        "turnover_cap": 0.25,
        "risk_mode": "neutral",
        "enter_th": 0.016,
        "exit_th": -0.1,
        "factor_weights_delta": {},
        "timestamp": "2025-12-26T00:10:49.491298",
        "reflection_id": 4
      },
      "weekly_return_before": 0.06561291152565776,
      "weekly_return_after": 0.06584979196668914,
      "account_equity_before": 1165347.9031042166,
      "account_equity_after": 1242085.8200924466,
      "adjustment_reason": "RAG/Naive reflection",
      "adjustment_source": "rag",
      "sharpe_ratio": null,
      "max_drawdown": null,
      "volatility": null,
      "win_rate": null
    },
    {
      "reflection_id": 5,
      "date": "2023-02-03",
      "current_theta": {
        "gross_exposure": 0.85,
        "max_w": 0.18,
        "turnover_cap": 0.25,
        "risk_mode": "neutral",
        "enter_th": 0.016,
        "exit_th": -0.1,
        "factor_weights_delta": {},
        "timestamp": "2025-12-26T00:10:49.491298",
        "reflection_id": 4
      },
      "new_theta": {
        "gross_exposure": 0.85,
        "max_w": 0.1854,
        "turnover_cap": 0.253,
        "risk_mode": "neutral",
        "enter_th": 0.015744,
        "exit_th": -0.09920000000000001,
        "factor_weights_delta": {},
        "timestamp": "2025-12-26T00:10:49.491298",
        "reflection_id": 5
      },
      "weekly_return_before": 0.06584979196668914,
      "weekly_return_after": -0.037211668054732305,
      "account_equity_before": 1242085.8200924466,
      "account_equity_after": 1195865.7348596766,
      "adjustment_reason": "RAG/Naive reflection",
      "adjustment_source": "rag",
      "sharpe_ratio": null,
      "max_drawdown": null,
      "volatility": null,
      "win_rate": null
    },
    {
      "reflection_id": 6,
      "date": "2023-02-10",
      "current_theta": {
        "gross_exposure": 0.85,
        "max_w": 0.1854,
        "turnover_cap": 0.253,
        "risk_mode": "neutral",
        "enter_th": 0.015744,
        "exit_th": -0.09920000000000001,
        "factor_weights_delta": {},
        "timestamp": "2025-12-26T00:10:49.491298",
        "reflection_id": 5
      },
      "new_theta": {
        "gross_exposure": 0.8,
        "max_w": 0.17,
        "turnover_cap": 0.253,
        "risk_mode": "risk_off",
        "enter_th": 0.018,
        "exit_th": -0.09920000000000001,
        "factor_weights_delta": {},
        "timestamp": "2025-12-26T00:11:44.567541",
        "reflection_id": 6
      },
      "weekly_return_before": -0.037211668054732305,
      "weekly_return_after": -0.0003037127382554028,
      "account_equity_before": 1195865.7348596766,
      "account_equity_after": 1195502.5352027565,
      "adjustment_reason": "RAG/Naive reflection",
      "adjustment_source": "rag",
      "sharpe_ratio": null,
      "max_drawdown": null,
      "volatility": null,
      "win_rate": null
    },
    {
      "reflection_id": 7,
      "date": "2023-02-17",
      "current_theta": {
        "gross_exposure": 0.8,
        "max_w": 0.17,
        "turnover_cap": 0.253,
        "risk_mode": "risk_off",
        "enter_th": 0.018,
        "exit_th": -0.09920000000000001,
        "factor_weights_delta": {},
        "timestamp": "2025-12-26T00:11:44.567541",
        "reflection_id": 6
      },
      "new_theta": {
        "gross_exposure": 0.8,
        "max_w": 0.17,
        "turnover_cap": 0.253,
        "risk_mode": "risk_off",
        "enter_th": 0.019,
        "exit_th": -0.09920000000000001,
        "factor_weights_delta": {},
        "timestamp": "2025-12-26T00:12:02.526288",
        "reflection_id": 7
      },
      "weekly_return_before": -0.0003037127382554028,
      "weekly_return_after": -0.05520492381473829,
      "account_equity_before": 1195502.5352027565,
      "account_equity_after": 1129504.9088265619,
      "adjustment_reason": "RAG/Naive reflection",
      "adjustment_source": "rag",
      "sharpe_ratio": null,
      "max_drawdown": null,
      "volatility": null,
      "win_rate": null
    },
    {
      "reflection_id": 8,
      "date": "2023-02-24",
      "current_theta": {
        "gross_exposure": 0.8,
        "max_w": 0.17,
        "turnover_cap": 0.253,
        "risk_mode": "risk_off",
        "enter_th": 0.019,
        "exit_th": -0.09920000000000001,
        "factor_weights_delta": {},
        "timestamp": "2025-12-26T00:12:02.526288",
        "reflection_id": 7
      },
      "new_theta": {
        "gross_exposure": 0.75,
        "max_w": 0.15,
        "turnover_cap": 0.253,
        "risk_mode": "risk_off",
        "enter_th": 0.022,
        "exit_th": -0.09920000000000001,
        "factor_weights_delta": {},
        "timestamp": "2025-12-26T00:12:22.510755",
        "reflection_id": 8
      },
      "weekly_return_before": -0.05520492381473829,
      "weekly_return_after": 0.01576301185034154,
      "account_equity_before": 1129504.9088265619,
      "account_equity_after": 1147309.308089414,
      "adjustment_reason": "RAG/Naive reflection",
      "adjustment_source": "rag",
      "sharpe_ratio": null,
      "max_drawdown": null,
      "volatility": null,
      "win_rate": null
    },
    {
      "reflection_id": 9,
      "date": "2023-03-03",
      "current_theta": {
        "gross_exposure": 0.75,
        "max_w": 0.15,
        "turnover_cap": 0.253,
        "risk_mode": "risk_off",
        "enter_th": 0.022,
        "exit_th": -0.09920000000000001,
        "factor_weights_delta": {},
        "timestamp": "2025-12-26T00:12:22.510755",
        "reflection_id": 8
      },
      "new_theta": {
        "gross_exposure": 0.78,
        "max_w": 0.15,
        "turnover_cap": 0.253,
        "risk_mode": "risk_off",
        "enter_th": 0.02,
        "exit_th": -0.09920000000000001,
        "factor_weights_delta": {},
        "timestamp": "2025-12-26T00:12:42.092542",
        "reflection_id": 9
      },
      "weekly_return_before": 0.01576301185034154,
      "weekly_return_after": -0.011308091755228063,
      "account_equity_before": 1147309.308089414,
      "account_equity_after": 1134335.4291619116,
      "adjustment_reason": "RAG/Naive reflection",
      "adjustment_source": "rag",
      "sharpe_ratio": null,
      "max_drawdown": null,
      "volatility": null,
      "win_rate": null
    },
    {
      "reflection_id": 10,
      "date": "2023-03-10",
      "current_theta": {
        "gross_exposure": 0.78,
        "max_w": 0.15,
        "turnover_cap": 0.253,
        "risk_mode": "risk_off",
        "enter_th": 0.02,
        "exit_th": -0.09920000000000001,
        "factor_weights_delta": {},
        "timestamp": "2025-12-26T00:12:42.092542",
        "reflection_id": 9
      },
      "new_theta": {
        "gross_exposure": 0.75,
        "max_w": 0.15,
        "turnover_cap": 0.253,
        "risk_mode": "risk_off",
        "enter_th": 0.022,
        "exit_th": -0.09920000000000001,
        "factor_weights_delta": {},
        "timestamp": "2025-12-26T00:12:59.699318",
        "reflection_id": 10
      },
      "weekly_return_before": -0.011308091755228063,
      "weekly_return_after": 0.0748487384249315,
      "account_equity_before": 1134335.4291619116,
      "account_equity_after": 1219239.004985384,
      "adjustment_reason": "RAG/Naive reflection",
      "adjustment_source": "rag",
      "sharpe_ratio": null,
      "max_drawdown": null,
      "volatility": null,
      "win_rate": null
    },
    {
      "reflection_id": 11,
      "date": "2023-03-17",
      "current_theta": {
        "gross_exposure": 0.75,
        "max_w": 0.15,
        "turnover_cap": 0.253,
        "risk_mode": "risk_off",
        "enter_th": 0.022,
        "exit_th": -0.09920000000000001,
        "factor_weights_delta": {},
        "timestamp": "2025-12-26T00:12:59.699318",
        "reflection_id": 10
      },
      "new_theta": {
        "gross_exposure": 0.78,
        "max_w": 0.15,
        "turnover_cap": 0.253,
        "risk_mode": "neutral",
        "enter_th": 0.02,
        "exit_th": -0.09920000000000001,
        "factor_weights_delta": {},
        "timestamp": "2025-12-26T00:13:21.991327",
        "reflection_id": 11
      },
      "weekly_return_before": 0.0748487384249315,
      "weekly_return_after": -0.0012955738203084756,
      "account_equity_before": 1219239.004985384,
      "account_equity_after": 1217659.390849826,
      "adjustment_reason": "RAG/Naive reflection",
      "adjustment_source": "rag",
      "sharpe_ratio": null,
      "max_drawdown": null,
      "volatility": null,
      "win_rate": null
    },
    {
      "reflection_id": 12,
      "date": "2023-03-24",
      "current_theta": {
        "gross_exposure": 0.78,
        "max_w": 0.15,
        "turnover_cap": 0.253,
        "risk_mode": "neutral",
        "enter_th": 0.02,
        "exit_th": -0.09920000000000001,
        "factor_weights_delta": {},
        "timestamp": "2025-12-26T00:13:21.991327",
        "reflection_id": 11
      },
      "new_theta": {
        "gross_exposure": 0.78,
        "max_w": 0.15,
        "turnover_cap": 0.253,
        "risk_mode": "neutral",
        "enter_th": 0.019,
        "exit_th": -0.09920000000000001,
        "factor_weights_delta": {},
        "timestamp": "2025-12-26T00:13:39.843422",
        "reflection_id": 12
      },
      "weekly_return_before": -0.0012955738203084756,
      "weekly_return_after": 0.016393106975967978,
      "account_equity_before": 1217659.390849826,
      "account_equity_after": 1237620.6115043191,
      "adjustment_reason": "RAG/Naive reflection",
      "adjustment_source": "rag",
      "sharpe_ratio": null,
      "max_drawdown": null,
      "volatility": null,
      "win_rate": null
    },
    {
      "reflection_id": 13,
      "date": "2023-03-31",
      "current_theta": {
        "gross_exposure": 0.78,
        "max_w": 0.15,
        "turnover_cap": 0.253,
        "risk_mode": "neutral",
        "enter_th": 0.019,
        "exit_th": -0.09920000000000001,
        "factor_weights_delta": {},
        "timestamp": "2025-12-26T00:13:39.843422",
        "reflection_id": 12
      },
      "new_theta": {
        "gross_exposure": 0.8,
        "max_w": 0.15,
        "turnover_cap": 0.253,
        "risk_mode": "neutral",
        "enter_th": 0.018,
        "exit_th": -0.09920000000000001,
        "factor_weights_delta": {},
        "timestamp": "2025-12-26T00:14:02.724696",
        "reflection_id": 13
      },
      "weekly_return_before": 0.016393106975967978,
      "weekly_return_after": -0.01328218656255617,
      "account_equity_before": 1237620.6115043191,
      "account_equity_after": 1221182.303648654,
      "adjustment_reason": "RAG/Naive reflection",
      "adjustment_source": "rag",
      "sharpe_ratio": null,
      "max_drawdown": null,
      "volatility": null,
      "win_rate": null
    },
    {
      "reflection_id": 14,
      "date": "2023-04-14",
      "current_theta": {
        "gross_exposure": 0.8,
        "max_w": 0.15,
        "turnover_cap": 0.253,
        "risk_mode": "neutral",
        "enter_th": 0.018,
        "exit_th": -0.09920000000000001,
        "factor_weights_delta": {},
        "timestamp": "2025-12-26T00:14:02.724696",
        "reflection_id": 13
      },
      "new_theta": {
        "gross_exposure": 0.75,
        "max_w": 0.15,
        "turnover_cap": 0.253,
        "risk_mode": "neutral",
        "enter_th": 0.02,
        "exit_th": -0.09920000000000001,
        "factor_weights_delta": {},
        "timestamp": "2025-12-26T00:14:21.716541",
        "reflection_id": 14
      },
      "weekly_return_before": -0.01328218656255617,
      "weekly_return_after": -0.02633290807221295,
      "account_equity_before": 1221182.303648654,
      "account_equity_after": 1189025.0223072607,
      "adjustment_reason": "RAG/Naive reflection",
      "adjustment_source": "rag",
      "sharpe_ratio": null,
      "max_drawdown": null,
      "volatility": null,
      "win_rate": null
    },
    {
      "reflection_id": 15,
      "date": "2023-04-21",
      "current_theta": {
        "gross_exposure": 0.75,
        "max_w": 0.15,
        "turnover_cap": 0.253,
        "risk_mode": "neutral",
        "enter_th": 0.02,
        "exit_th": -0.09920000000000001,
        "factor_weights_delta": {},
        "timestamp": "2025-12-26T00:14:21.716541",
        "reflection_id": 14
      },
      "new_theta": {
        "gross_exposure": 0.7,
        "max_w": 0.15,
        "turnover_cap": 0.253,
        "risk_mode": "risk_off",
        "enter_th": 0.025,
        "exit_th": -0.09920000000000001,
        "factor_weights_delta": {},
        "timestamp": "2025-12-26T00:14:42.593437",
        "reflection_id": 15
      },
      "weekly_return_before": -0.02633290807221295,
      "weekly_return_after": 0.1300881887764446,
      "account_equity_before": 1189025.0223072607,
      "account_equity_after": 1343703.1338690838,
      "adjustment_reason": "RAG/Naive reflection",
      "adjustment_source": "rag",
      "sharpe_ratio": null,
      "max_drawdown": null,
      "volatility": null,
      "win_rate": null
    },
    {
      "reflection_id": 16,
      "date": "2023-04-28",
      "current_theta": {
        "gross_exposure": 0.7,
        "max_w": 0.15,
        "turnover_cap": 0.253,
        "risk_mode": "risk_off",
        "enter_th": 0.025,
        "exit_th": -0.09920000000000001,
        "factor_weights_delta": {},
        "timestamp": "2025-12-26T00:14:42.593437",
        "reflection_id": 15
      },
      "new_theta": {
        "gross_exposure": 0.75,
        "max_w": 0.16,
        "turnover_cap": 0.253,
        "risk_mode": "neutral",
        "enter_th": 0.022,
        "exit_th": -0.09920000000000001,
        "factor_weights_delta": {},
        "timestamp": "2025-12-26T00:15:02.654592",
        "reflection_id": 16
      },
      "weekly_return_before": 0.1300881887764446,
      "weekly_return_after": 0.008706081067210575,
      "account_equity_before": 1343703.1338690838,
      "account_equity_after": 1355401.522282813,
      "adjustment_reason": "RAG/Naive reflection",
      "adjustment_source": "rag",
      "sharpe_ratio": null,
      "max_drawdown": null,
      "volatility": null,
      "win_rate": null
    },
    {
      "reflection_id": 17,
      "date": "2023-05-05",
      "current_theta": {
        "gross_exposure": 0.75,
        "max_w": 0.16,
        "turnover_cap": 0.253,
        "risk_mode": "neutral",
        "enter_th": 0.022,
        "exit_th": -0.09920000000000001,
        "factor_weights_delta": {},
        "timestamp": "2025-12-26T00:15:02.654592",
        "reflection_id": 16
      },
      "new_theta": {
        "gross_exposure": 0.85,
        "max_w": 0.18,
        "turnover_cap": 0.25,
        "risk_mode": "neutral",
        "enter_th": 0.017,
        "exit_th": -0.1,
        "factor_weights_delta": {},
        "timestamp": "2025-12-26T00:15:04.805787",
        "reflection_id": 17
      },
      "weekly_return_before": 0.008706081067210575,
      "weekly_return_after": 0.018638843902627055,
      "account_equity_before": 1355401.522282813,
      "account_equity_after": 1380664.6396820254,
      "adjustment_reason": "基于历史经验学习到的调整",
      "adjustment_source": "learned",
      "sharpe_ratio": null,
      "max_drawdown": null,
      "volatility": null,
      "win_rate": null
    },
    {
      "reflection_id": 18,
      "date": "2023-05-12",
      "current_theta": {
        "gross_exposure": 0.85,
        "max_w": 0.18,
        "turnover_cap": 0.25,
        "risk_mode": "neutral",
        "enter_th": 0.017,
        "exit_th": -0.1,
        "factor_weights_delta": {},
        "timestamp": "2025-12-26T00:15:04.805787",
        "reflection_id": 17
      },
      "new_theta": {
        "gross_exposure": 0.85,
        "max_w": 0.1854,
        "turnover_cap": 0.253,
        "risk_mode": "neutral",
        "enter_th": 0.016728,
        "exit_th": -0.09920000000000001,
        "factor_weights_delta": {},
        "timestamp": "2025-12-26T00:15:04.805787",
        "reflection_id": 18
      },
      "weekly_return_before": 0.018638843902627055,
      "weekly_return_after": 0.01905795620442437,
      "account_equity_before": 1380664.6396820254,
      "account_equity_after": 1406977.2859180828,
      "adjustment_reason": "RAG/Naive reflection",
      "adjustment_source": "rag",
      "sharpe_ratio": null,
      "max_drawdown": null,
      "volatility": null,
      "win_rate": null
    },
    {
      "reflection_id": 19,
      "date": "2023-05-19",
      "current_theta": {
        "gross_exposure": 0.85,
        "max_w": 0.1854,
        "turnover_cap": 0.253,
        "risk_mode": "neutral",
        "enter_th": 0.016728,
        "exit_th": -0.09920000000000001,
        "factor_weights_delta": {},
        "timestamp": "2025-12-26T00:15:04.805787",
        "reflection_id": 18
      },
      "new_theta": {
        "gross_exposure": 0.85,
        "max_w": 0.19096200000000002,
        "turnover_cap": 0.256036,
        "risk_mode": "neutral",
        "enter_th": 0.016460352,
        "exit_th": -0.0984064,
        "factor_weights_delta": {},
        "timestamp": "2025-12-26T00:15:04.805787",
        "reflection_id": 19
      },
      "weekly_return_before": 0.01905795620442437,
      "weekly_return_after": 0.011656239150302547,
      "account_equity_before": 1406977.2859180828,
      "account_equity_after": 1423377.3496417876,
      "adjustment_reason": "RAG/Naive reflection",
      "adjustment_source": "rag",
      "sharpe_ratio": null,
      "max_drawdown": null,
      "volatility": null,
      "win_rate": null
    },
    {
      "reflection_id": 20,
      "date": "2023-05-26",
      "current_theta": {
        "gross_exposure": 0.85,
        "max_w": 0.19096200000000002,
        "turnover_cap": 0.256036,
        "risk_mode": "neutral",
        "enter_th": 0.016460352,
        "exit_th": -0.0984064,
        "factor_weights_delta": {},
        "timestamp": "2025-12-26T00:15:04.805787",
        "reflection_id": 19
      },
      "new_theta": {
        "gross_exposure": 0.85,
        "max_w": 0.18,
        "turnover_cap": 0.256036,
        "risk_mode": "neutral",
        "enter_th": 0.015,
        "exit_th": -0.0984064,
        "factor_weights_delta": {},
        "timestamp": "2025-12-26T00:16:04.850785",
        "reflection_id": 20
      },
      "weekly_return_before": 0.011656239150302547,
      "weekly_return_after": 0.027298759164116643,
      "account_equity_before": 1423377.3496417876,
      "account_equity_after": 1462233.7851093174,
      "adjustment_reason": "RAG/Naive reflection",
      "adjustment_source": "rag",
      "sharpe_ratio": null,
      "max_drawdown": null,
      "volatility": null,
      "win_rate": null
    },
    {
      "reflection_id": 21,
      "date": "2023-06-02",
      "current_theta": {
        "gross_exposure": 0.85,
        "max_w": 0.18,
        "turnover_cap": 0.256036,
        "risk_mode": "neutral",
        "enter_th": 0.015,
        "exit_th": -0.0984064,
        "factor_weights_delta": {},
        "timestamp": "2025-12-26T00:16:04.850785",
        "reflection_id": 20
      },
      "new_theta": {
        "gross_exposure": 0.85,
        "max_w": 0.1854,
        "turnover_cap": 0.259108432,
        "risk_mode": "neutral",
        "enter_th": 0.014759999999999999,
        "exit_th": -0.0976191488,
        "factor_weights_delta": {},
        "timestamp": "2025-12-26T00:16:04.850785",
        "reflection_id": 21
      },
      "weekly_return_before": 0.027298759164116643,
      "weekly_return_after": 0.01837138119391253,
      "account_equity_before": 1462233.7851093174,
      "account_equity_after": 1489097.0393701782,
      "adjustment_reason": "RAG/Naive reflection",
      "adjustment_source": "rag",
      "sharpe_ratio": null,
      "max_drawdown": null,
      "volatility": null,
      "win_rate": null
    },
    {
      "reflection_id": 22,
      "date": "2023-06-09",
      "current_theta": {
        "gross_exposure": 0.85,
        "max_w": 0.1854,
        "turnover_cap": 0.259108432,
        "risk_mode": "neutral",
        "enter_th": 0.014759999999999999,
        "exit_th": -0.0976191488,
        "factor_weights_delta": {},
        "timestamp": "2025-12-26T00:16:04.850785",
        "reflection_id": 21
      },
      "new_theta": {
        "gross_exposure": 0.85,
        "max_w": 0.18,
        "turnover_cap": 0.259108432,
        "risk_mode": "neutral",
        "enter_th": 0.014,
        "exit_th": -0.0976191488,
        "factor_weights_delta": {},
        "timestamp": "2025-12-26T00:17:05.026265",
        "reflection_id": 22
      },
      "weekly_return_before": 0.01837138119391253,
      "weekly_return_after": 0.029754238044577254,
      "account_equity_before": 1489097.0393701782,
      "account_equity_after": 1533403.9871510738,
      "adjustment_reason": "RAG/Naive reflection",
      "adjustment_source": "rag",
      "sharpe_ratio": null,
      "max_drawdown": null,
      "volatility": null,
      "win_rate": null
    },
    {
      "reflection_id": 23,
      "date": "2023-06-16",
      "current_theta": {
        "gross_exposure": 0.85,
        "max_w": 0.18,
        "turnover_cap": 0.259108432,
        "risk_mode": "neutral",
        "enter_th": 0.014,
        "exit_th": -0.0976191488,
        "factor_weights_delta": {},
        "timestamp": "2025-12-26T00:17:05.026265",
        "reflection_id": 22
      },
      "new_theta": {
        "gross_exposure": 0.85,
        "max_w": 0.18,
        "turnover_cap": 0.259108432,
        "risk_mode": "neutral",
        "enter_th": 0.013,
        "exit_th": -0.0976191488,
        "factor_weights_delta": {},
        "timestamp": "2025-12-26T00:17:24.392047",
        "reflection_id": 23
      },
      "weekly_return_before": 0.029754238044577254,
      "weekly_return_after": 0.001209420970000665,
      "account_equity_before": 1533403.9871510738,
      "account_equity_after": 1535258.518088617,
      "adjustment_reason": "RAG/Naive reflection",
      "adjustment_source": "rag",
      "sharpe_ratio": null,
      "max_drawdown": null,
      "volatility": null,
      "win_rate": null
    },
    {
      "reflection_id": 24,
      "date": "2023-06-23",
      "current_theta": {
        "gross_exposure": 0.85,
        "max_w": 0.18,
        "turnover_cap": 0.259108432,
        "risk_mode": "neutral",
        "enter_th": 0.013,
        "exit_th": -0.0976191488,
        "factor_weights_delta": {},
        "timestamp": "2025-12-26T00:17:24.392047",
        "reflection_id": 23
      },
      "new_theta": {
        "gross_exposure": 0.85,
        "max_w": 0.18,
        "turnover_cap": 0.25,
        "risk_mode": "neutral",
        "enter_th": 0.017,
        "exit_th": -0.1,
        "factor_weights_delta": {},
        "timestamp": "2025-12-26T00:17:26.277125",
        "reflection_id": 24
      },
      "weekly_return_before": 0.001209420970000665,
      "weekly_return_after": -0.00016132322043010784,
      "account_equity_before": 1535258.518088617,
      "account_equity_after": 1535010.845240286,
      "adjustment_reason": "基于历史经验学习到的调整",
      "adjustment_source": "learned",
      "sharpe_ratio": null,
      "max_drawdown": null,
      "volatility": null,
      "win_rate": null
    },
    {
      "reflection_id": 25,
      "date": "2023-06-30",
      "current_theta": {
        "gross_exposure": 0.85,
        "max_w": 0.18,
        "turnover_cap": 0.25,
        "risk_mode": "neutral",
        "enter_th": 0.017,
        "exit_th": -0.1,
        "factor_weights_delta": {},
        "timestamp": "2025-12-26T00:17:26.277125",
        "reflection_id": 24
      },
      "new_theta": {
        "gross_exposure": 0.85,
        "max_w": 0.18,
        "turnover_cap": 0.25,
        "risk_mode": "neutral",
        "enter_th": 0.017,
        "exit_th": -0.1,
        "factor_weights_delta": {},
        "timestamp": "2025-12-26T00:17:28.548319",
        "reflection_id": 25
      },
      "weekly_return_before": -0.00016132322043010784,
      "weekly_return_after": -0.011135879623165316,
      "account_equity_before": 1535010.845240286,
      "account_equity_after": 1517917.149247437,
      "adjustment_reason": "基于历史经验学习到的调整",
      "adjustment_source": "learned",
      "sharpe_ratio": null,
      "max_drawdown": null,
      "volatility": null,
      "win_rate": null
    },
    {
      "reflection_id": 26,
      "date": "2023-07-07",
      "current_theta": {
        "gross_exposure": 0.85,
        "max_w": 0.18,
        "turnover_cap": 0.25,
        "risk_mode": "neutral",
        "enter_th": 0.017,
        "exit_th": -0.1,
        "factor_weights_delta": {},
        "timestamp": "2025-12-26T00:17:28.548319",
        "reflection_id": 25
      },
      "new_theta": {
        "gross_exposure": 0.8,
        "max_w": 0.18,
        "turnover_cap": 0.25,
        "risk_mode": "neutral",
        "enter_th": 0.018,
        "exit_th": -0.1,
        "factor_weights_delta": {},
        "timestamp": "2025-12-26T00:17:48.376614",
        "reflection_id": 26
      },
      "weekly_return_before": -0.011135879623165316,
      "weekly_return_after": -0.015604496974139313,
      "account_equity_before": 1517917.149247437,
      "account_equity_after": 1494230.8156850112,
      "adjustment_reason": "RAG/Naive reflection",
      "adjustment_source": "rag",
      "sharpe_ratio": null,
      "max_drawdown": null,
      "volatility": null,
      "win_rate": null
    },
    {
      "reflection_id": 27,
      "date": "2023-07-14",
      "current_theta": {
        "gross_exposure": 0.8,
        "max_w": 0.18,
        "turnover_cap": 0.25,
        "risk_mode": "neutral",
        "enter_th": 0.018,
        "exit_th": -0.1,
        "factor_weights_delta": {},
        "timestamp": "2025-12-26T00:17:48.376614",
        "reflection_id": 26
      },
      "new_theta": {
        "gross_exposure": 0.75,
        "max_w": 0.16,
        "turnover_cap": 0.25,
        "risk_mode": "risk_off",
        "enter_th": 0.022,
        "exit_th": -0.1,
        "factor_weights_delta": {},
        "timestamp": "2025-12-26T00:18:08.682608",
        "reflection_id": 27
      },
      "weekly_return_before": -0.015604496974139313,
      "weekly_return_after": -0.04138982695149237,
      "account_equity_before": 1494230.8156850112,
      "account_equity_after": 1432384.8607982213,
      "adjustment_reason": "RAG/Naive reflection",
      "adjustment_source": "rag",
      "sharpe_ratio": null,
      "max_drawdown": null,
      "volatility": null,
      "win_rate": null
    },
    {
      "reflection_id": 28,
      "date": "2023-07-21",
      "current_theta": {
        "gross_exposure": 0.75,
        "max_w": 0.16,
        "turnover_cap": 0.25,
        "risk_mode": "risk_off",
        "enter_th": 0.022,
        "exit_th": -0.1,
        "factor_weights_delta": {},
        "timestamp": "2025-12-26T00:18:08.682608",
        "reflection_id": 27
      },
      "new_theta": {
        "gross_exposure": 0.7,
        "max_w": 0.15,
        "turnover_cap": 0.253,
        "risk_mode": "risk_off",
        "enter_th": 0.025,
        "exit_th": -0.09920000000000001,
        "factor_weights_delta": {},
        "timestamp": "2025-12-26T00:18:10.980365",
        "reflection_id": 28
      },
      "weekly_return_before": -0.04138982695149237,
      "weekly_return_after": -0.0028740400994238698,
      "account_equity_before": 1432384.8607982213,
      "account_equity_after": 1428268.1292704795,
      "adjustment_reason": "基于历史经验学习到的调整",
      "adjustment_source": "learned",
      "sharpe_ratio": null,
      "max_drawdown": null,
      "volatility": null,
      "win_rate": null
    },
    {
      "reflection_id": 29,
      "date": "2023-07-28",
      "current_theta": {
        "gross_exposure": 0.7,
        "max_w": 0.15,
        "turnover_cap": 0.253,
        "risk_mode": "risk_off",
        "enter_th": 0.025,
        "exit_th": -0.09920000000000001,
        "factor_weights_delta": {},
        "timestamp": "2025-12-26T00:18:10.980365",
        "reflection_id": 28
      },
      "new_theta": {
        "gross_exposure": 0.85,
        "max_w": 0.18,
        "turnover_cap": 0.25,
        "risk_mode": "neutral",
        "enter_th": 0.017,
        "exit_th": -0.1,
        "factor_weights_delta": {},
        "timestamp": "2025-12-26T00:18:13.162661",
        "reflection_id": 29
      },
      "weekly_return_before": -0.0028740400994238698,
      "weekly_return_after": -0.0032037824770321344,
      "account_equity_before": 1428268.1292704795,
      "account_equity_after": 1423692.2688654193,
      "adjustment_reason": "基于历史经验学习到的调整",
      "adjustment_source": "learned",
      "sharpe_ratio": null,
      "max_drawdown": null,
      "volatility": null,
      "win_rate": null
    },
    {
      "reflection_id": 30,
      "date": "2023-08-04",
      "current_theta": {
        "gross_exposure": 0.85,
        "max_w": 0.18,
        "turnover_cap": 0.25,
        "risk_mode": "neutral",
        "enter_th": 0.017,
        "exit_th": -0.1,
        "factor_weights_delta": {},
        "timestamp": "2025-12-26T00:18:13.162661",
        "reflection_id": 29
      },
      "new_theta": {
        "gross_exposure": 0.85,
        "max_w": 0.18,
        "turnover_cap": 0.25,
        "risk_mode": "neutral",
        "enter_th": 0.017,
        "exit_th": -0.1,
        "factor_weights_delta": {},
        "timestamp": "2025-12-26T00:18:15.325655",
        "reflection_id": 30
      },
      "weekly_return_before": -0.0032037824770321344,
      "weekly_return_after": 0.020864212682615815,
      "account_equity_before": 1423692.2688654193,
      "account_equity_after": 1453396.4871576233,
      "adjustment_reason": "基于历史经验学习到的调整",
      "adjustment_source": "learned",
      "sharpe_ratio": null,
      "max_drawdown": null,
      "volatility": null,
      "win_rate": null
    },
    {
      "reflection_id": 31,
      "date": "2023-08-11",
      "current_theta": {
        "gross_exposure": 0.85,
        "max_w": 0.18,
        "turnover_cap": 0.25,
        "risk_mode": "neutral",
        "enter_th": 0.017,
        "exit_th": -0.1,
        "factor_weights_delta": {},
        "timestamp": "2025-12-26T00:18:15.325655",
        "reflection_id": 30
      },
      "new_theta": {
        "gross_exposure": 0.85,
        "max_w": 0.18,
        "turnover_cap": 0.25,
        "risk_mode": "neutral",
        "enter_th": 0.016,
        "exit_th": -0.1,
        "factor_weights_delta": {},
        "timestamp": "2025-12-26T00:19:04.575333",
        "reflection_id": 31
      },
      "weekly_return_before": 0.020864212682615815,
      "weekly_return_after": -0.0029841871947617563,
      "account_equity_before": 1453396.4871576233,
      "account_equity_after": 1449059.2799717358,
      "adjustment_reason": "RAG/Naive reflection",
      "adjustment_source": "rag",
      "sharpe_ratio": null,
      "max_drawdown": null,
      "volatility": null,
      "win_rate": null
    },
    {
      "reflection_id": 32,
      "date": "2023-08-18",
      "current_theta": {
        "gross_exposure": 0.85,
        "max_w": 0.18,
        "turnover_cap": 0.25,
        "risk_mode": "neutral",
        "enter_th": 0.016,
        "exit_th": -0.1,
        "factor_weights_delta": {},
        "timestamp": "2025-12-26T00:19:04.575333",
        "reflection_id": 31
      },
      "new_theta": {
        "gross_exposure": 0.85,
        "max_w": 0.18,
        "turnover_cap": 0.25,
        "risk_mode": "neutral",
        "enter_th": 0.017,
        "exit_th": -0.1,
        "factor_weights_delta": {},
        "timestamp": "2025-12-26T00:19:06.764055",
        "reflection_id": 32
      },
      "weekly_return_before": -0.0029841871947617563,
      "weekly_return_after": -0.002089553008449594,
      "account_equity_before": 1449059.2799717358,
      "account_equity_after": 1446031.393793849,
      "adjustment_reason": "基于历史经验学习到的调整",
      "adjustment_source": "learned",
      "sharpe_ratio": null,
      "max_drawdown": null,
      "volatility": null,
      "win_rate": null
    },
    {
      "reflection_id": 33,
      "date": "2023-08-25",
      "current_theta": {
        "gross_exposure": 0.85,
        "max_w": 0.18,
        "turnover_cap": 0.25,
        "risk_mode": "neutral",
        "enter_th": 0.017,
        "exit_th": -0.1,
        "factor_weights_delta": {},
        "timestamp": "2025-12-26T00:19:06.764055",
        "reflection_id": 32
      },
      "new_theta": {
        "gross_exposure": 0.85,
        "max_w": 0.18,
        "turnover_cap": 0.25,
        "risk_mode": "neutral",
        "enter_th": 0.017,
        "exit_th": -0.1,
        "factor_weights_delta": {},
        "timestamp": "2025-12-26T00:19:08.980128",
        "reflection_id": 33
      },
      "weekly_return_before": -0.002089553008449594,
      "weekly_return_after": 0.016559350725297666,
      "account_equity_before": 1446031.393793849,
      "account_equity_after": 1469976.7348034724,
      "adjustment_reason": "基于历史经验学习到的调整",
      "adjustment_source": "learned",
      "sharpe_ratio": null,
      "max_drawdown": null,
      "volatility": null,
      "win_rate": null
    },
    {
      "reflection_id": 34,
      "date": "2023-09-01",
      "current_theta": {
        "gross_exposure": 0.85,
        "max_w": 0.18,
        "turnover_cap": 0.25,
        "risk_mode": "neutral",
        "enter_th": 0.017,
        "exit_th": -0.1,
        "factor_weights_delta": {},
        "timestamp": "2025-12-26T00:19:08.980128",
        "reflection_id": 33
      },
      "new_theta": {
        "gross_exposure": 0.85,
        "max_w": 0.18,
        "turnover_cap": 0.25,
        "risk_mode": "neutral",
        "enter_th": 0.016,
        "exit_th": -0.1,
        "factor_weights_delta": {},
        "timestamp": "2025-12-26T00:19:28.979887",
        "reflection_id": 34
      },
      "weekly_return_before": 0.016559350725297666,
      "weekly_return_after": -0.012317175233455718,
      "account_equity_before": 1469976.7348034724,
      "account_equity_after": 1451870.773771795,
      "adjustment_reason": "RAG/Naive reflection",
      "adjustment_source": "rag",
      "sharpe_ratio": null,
      "max_drawdown": null,
      "volatility": null,
      "win_rate": null
    },
    {
      "reflection_id": 35,
      "date": "2023-09-08",
      "current_theta": {
        "gross_exposure": 0.85,
        "max_w": 0.18,
        "turnover_cap": 0.25,
        "risk_mode": "neutral",
        "enter_th": 0.016,
        "exit_th": -0.1,
        "factor_weights_delta": {},
        "timestamp": "2025-12-26T00:19:28.979887",
        "reflection_id": 34
      },
      "new_theta": {
        "gross_exposure": 0.75,
        "max_w": 0.15,
        "turnover_cap": 0.253,
        "risk_mode": "risk_off",
        "enter_th": 0.022,
        "exit_th": -0.09920000000000001,
        "factor_weights_delta": {},
        "timestamp": "2025-12-26T00:19:30.877097",
        "reflection_id": 35
      },
      "weekly_return_before": -0.012317175233455718,
      "weekly_return_after": 0.0027671949383049274,
      "account_equity_before": 1451870.773771795,
      "account_equity_after": 1455888.3832280491,
      "adjustment_reason": "基于历史经验学习到的调整",
      "adjustment_source": "learned",
      "sharpe_ratio": null,
      "max_drawdown": null,
      "volatility": null,
      "win_rate": null
    },
    {
      "reflection_id": 36,
      "date": "2023-09-15",
      "current_theta": {
        "gross_exposure": 0.75,
        "max_w": 0.15,
        "turnover_cap": 0.253,
        "risk_mode": "risk_off",
        "enter_th": 0.022,
        "exit_th": -0.09920000000000001,
        "factor_weights_delta": {},
        "timestamp": "2025-12-26T00:19:30.877097",
        "reflection_id": 35
      },
      "new_theta": {
        "gross_exposure": 0.85,
        "max_w": 0.18,
        "turnover_cap": 0.25,
        "risk_mode": "neutral",
        "enter_th": 0.017,
        "exit_th": -0.1,
        "factor_weights_delta": {},
        "timestamp": "2025-12-26T00:19:33.166677",
        "reflection_id": 36
      },
      "weekly_return_before": 0.0027671949383049274,
      "weekly_return_after": -0.05286046192529665,
      "account_equity_before": 1455888.3832280491,
      "account_equity_after": 1378929.4507789412,
      "adjustment_reason": "基于历史经验学习到的调整",
      "adjustment_source": "learned",
      "sharpe_ratio": null,
      "max_drawdown": null,
      "volatility": null,
      "win_rate": null
    },
    {
      "reflection_id": 37,
      "date": "2023-09-22",
      "current_theta": {
        "gross_exposure": 0.85,
        "max_w": 0.18,
        "turnover_cap": 0.25,
        "risk_mode": "neutral",
        "enter_th": 0.017,
        "exit_th": -0.1,
        "factor_weights_delta": {},
        "timestamp": "2025-12-26T00:19:33.166677",
        "reflection_id": 36
      },
      "new_theta": {
        "gross_exposure": 0.75,
        "max_w": 0.15,
        "turnover_cap": 0.253,
        "risk_mode": "risk_off",
        "enter_th": 0.022,
        "exit_th": -0.09920000000000001,
        "factor_weights_delta": {},
        "timestamp": "2025-12-26T00:19:35.379673",
        "reflection_id": 37
      },
      "weekly_return_before": -0.05286046192529665,
      "weekly_return_after": 7.289725367500908e-05,
      "account_equity_before": 1378929.4507789412,
      "account_equity_after": 1379029.9709489145,
      "adjustment_reason": "基于历史经验学习到的调整",
      "adjustment_source": "learned",
      "sharpe_ratio": null,
      "max_drawdown": null,
      "volatility": null,
      "win_rate": null
    },
    {
      "reflection_id": 38,
      "date": "2023-09-29",
      "current_theta": {
        "gross_exposure": 0.75,
        "max_w": 0.15,
        "turnover_cap": 0.253,
        "risk_mode": "risk_off",
        "enter_th": 0.022,
        "exit_th": -0.09920000000000001,
        "factor_weights_delta": {},
        "timestamp": "2025-12-26T00:19:35.379673",
        "reflection_id": 37
      },
      "new_theta": {
        "gross_exposure": 0.85,
        "max_w": 0.18,
        "turnover_cap": 0.25,
        "risk_mode": "neutral",
        "enter_th": 0.017,
        "exit_th": -0.1,
        "factor_weights_delta": {},
        "timestamp": "2025-12-26T00:19:37.490340",
        "reflection_id": 38
      },
      "weekly_return_before": 7.289725367500908e-05,
      "weekly_return_after": -0.013143794374611564,
      "account_equity_before": 1379029.9709489145,
      "account_equity_after": 1360904.2845743354,
      "adjustment_reason": "基于历史经验学习到的调整",
      "adjustment_source": "learned",
      "sharpe_ratio": null,
      "max_drawdown": null,
      "volatility": null,
      "win_rate": null
    },
    {
      "reflection_id": 39,
      "date": "2023-10-06",
      "current_theta": {
        "gross_exposure": 0.85,
        "max_w": 0.18,
        "turnover_cap": 0.25,
        "risk_mode": "neutral",
        "enter_th": 0.017,
        "exit_th": -0.1,
        "factor_weights_delta": {},
        "timestamp": "2025-12-26T00:19:37.490340",
        "reflection_id": 38
      },
      "new_theta": {
        "gross_exposure": 0.75,
        "max_w": 0.15,
        "turnover_cap": 0.253,
        "risk_mode": "risk_off",
        "enter_th": 0.022,
        "exit_th": -0.09920000000000001,
        "factor_weights_delta": {},
        "timestamp": "2025-12-26T00:19:39.692586",
        "reflection_id": 39
      },
      "weekly_return_before": -0.013143794374611564,
      "weekly_return_after": -0.0030931559242438856,
      "account_equity_before": 1360904.2845743354,
      "account_equity_after": 1356694.7954241754,
      "adjustment_reason": "基于历史经验学习到的调整",
      "adjustment_source": "learned",
      "sharpe_ratio": null,
      "max_drawdown": null,
      "volatility": null,
      "win_rate": null
    },
    {
      "reflection_id": 40,
      "date": "2023-10-13",
      "current_theta": {
        "gross_exposure": 0.75,
        "max_w": 0.15,
        "turnover_cap": 0.253,
        "risk_mode": "risk_off",
        "enter_th": 0.022,
        "exit_th": -0.09920000000000001,
        "factor_weights_delta": {},
        "timestamp": "2025-12-26T00:19:39.692586",
        "reflection_id": 39
      },
      "new_theta": {
        "gross_exposure": 0.75,
        "max_w": 0.15,
        "turnover_cap": 0.253,
        "risk_mode": "neutral",
        "enter_th": 0.023,
        "exit_th": -0.09920000000000001,
        "factor_weights_delta": {},
        "timestamp": "2025-12-26T00:20:00.650267",
        "reflection_id": 40
      },
      "weekly_return_before": -0.0030931559242438856,
      "weekly_return_after": -0.020788739957743992,
      "account_equity_before": 1356694.7954241754,
      "account_equity_after": 1328490.8201200776,
      "adjustment_reason": "RAG/Naive reflection",
      "adjustment_source": "rag",
      "sharpe_ratio": null,
      "max_drawdown": null,
      "volatility": null,
      "win_rate": null
    },
    {
      "reflection_id": 41,
      "date": "2023-10-20",
      "current_theta": {
        "gross_exposure": 0.75,
        "max_w": 0.15,
        "turnover_cap": 0.253,
        "risk_mode": "neutral",
        "enter_th": 0.023,
        "exit_th": -0.09920000000000001,
        "factor_weights_delta": {},
        "timestamp": "2025-12-26T00:20:00.650267",
        "reflection_id": 40
      },
      "new_theta": {
        "gross_exposure": 0.7,
        "max_w": 0.15,
        "turnover_cap": 0.253,
        "risk_mode": "risk_off",
        "enter_th": 0.025,
        "exit_th": -0.09920000000000001,
        "factor_weights_delta": {},
        "timestamp": "2025-12-26T00:20:02.938958",
        "reflection_id": 41
      },
      "weekly_return_before": -0.020788739957743992,
      "weekly_return_after": 0.015617721531974976,
      "account_equity_before": 1328490.8201200776,
      "account_equity_after": 1349238.819806498,
      "adjustment_reason": "基于历史经验学习到的调整",
      "adjustment_source": "learned",
      "sharpe_ratio": null,
      "max_drawdown": null,
      "volatility": null,
      "win_rate": null
    },
    {
      "reflection_id": 42,
      "date": "2023-10-27",
      "current_theta": {
        "gross_exposure": 0.7,
        "max_w": 0.15,
        "turnover_cap": 0.253,
        "risk_mode": "risk_off",
        "enter_th": 0.025,
        "exit_th": -0.09920000000000001,
        "factor_weights_delta": {},
        "timestamp": "2025-12-26T00:20:02.938958",
        "reflection_id": 41
      },
      "new_theta": {
        "gross_exposure": 0.7206999999999999,
        "max_w": 0.15315,
        "turnover_cap": 0.256036,
        "risk_mode": "neutral",
        "enter_th": 0.0246,
        "exit_th": -0.0984064,
        "factor_weights_delta": {},
        "timestamp": "2025-12-26T00:20:02.938958",
        "reflection_id": 42
      },
      "weekly_return_before": 0.015617721531974976,
      "weekly_return_after": 0.01767771199249409,
      "account_equity_before": 1349238.819806498,
      "account_equity_after": 1373090.27507213,
      "adjustment_reason": "RAG/Naive reflection",
      "adjustment_source": "rag",
      "sharpe_ratio": null,
      "max_drawdown": null,
      "volatility": null,
      "win_rate": null
    },
    {
      "reflection_id": 43,
      "date": "2023-11-03",
      "current_theta": {
        "gross_exposure": 0.7206999999999999,
        "max_w": 0.15315,
        "turnover_cap": 0.256036,
        "risk_mode": "neutral",
        "enter_th": 0.0246,
        "exit_th": -0.0984064,
        "factor_weights_delta": {},
        "timestamp": "2025-12-26T00:20:02.938958",
        "reflection_id": 42
      },
      "new_theta": {
        "gross_exposure": 0.7446246999999999,
        "max_w": 0.15636614999999998,
        "turnover_cap": 0.259108432,
        "risk_mode": "neutral",
        "enter_th": 0.0242064,
        "exit_th": -0.0976191488,
        "factor_weights_delta": {},
        "timestamp": "2025-12-26T00:20:02.938958",
        "reflection_id": 43
      },
      "weekly_return_before": 0.01767771199249409,
      "weekly_return_after": 0.02629088856191836,
      "account_equity_before": 1373090.27507213,
      "account_equity_after": 1409190.038479505,
      "adjustment_reason": "RAG/Naive reflection",
      "adjustment_source": "rag",
      "sharpe_ratio": null,
      "max_drawdown": null,
      "volatility": null,
      "win_rate": null
    },
    {
      "reflection_id": 44,
      "date": "2023-11-10",
      "current_theta": {
        "gross_exposure": 0.7446246999999999,
        "max_w": 0.15636614999999998,
        "turnover_cap": 0.259108432,
        "risk_mode": "neutral",
        "enter_th": 0.0242064,
        "exit_th": -0.0976191488,
        "factor_weights_delta": {},
        "timestamp": "2025-12-26T00:20:02.938958",
        "reflection_id": 43
      },
      "new_theta": {
        "gross_exposure": 0.77,
        "max_w": 0.15636614999999998,
        "turnover_cap": 0.259108432,
        "risk_mode": "neutral",
        "enter_th": 0.022,
        "exit_th": -0.0976191488,
        "factor_weights_delta": {},
        "timestamp": "2025-12-26T00:21:06.877531",
        "reflection_id": 44
      },
      "weekly_return_before": 0.02629088856191836,
      "weekly_return_after": 0.005753959860068582,
      "account_equity_before": 1409190.038479505,
      "account_equity_after": 1417298.4613961247,
      "adjustment_reason": "RAG/Naive reflection",
      "adjustment_source": "rag",
      "sharpe_ratio": null,
      "max_drawdown": null,
      "volatility": null,
      "win_rate": null
    },
    {
      "reflection_id": 45,
      "date": "2023-11-17",
      "current_theta": {
        "gross_exposure": 0.77,
        "max_w": 0.15636614999999998,
        "turnover_cap": 0.259108432,
        "risk_mode": "neutral",
        "enter_th": 0.022,
        "exit_th": -0.0976191488,
        "factor_weights_delta": {},
        "timestamp": "2025-12-26T00:21:06.877531",
        "reflection_id": 44
      },
      "new_theta": {
        "gross_exposure": 0.77,
        "max_w": 0.15636614999999998,
        "turnover_cap": 0.259108432,
        "risk_mode": "neutral",
        "enter_th": 0.021,
        "exit_th": -0.0976191488,
        "factor_weights_delta": {},
        "timestamp": "2025-12-26T00:21:22.695720",
        "reflection_id": 45
      },
      "weekly_return_before": 0.005753959860068582,
      "weekly_return_after": 0.012562619698506703,
      "account_equity_before": 1417298.4613961247,
      "account_equity_after": 1435103.4429659229,
      "adjustment_reason": "RAG/Naive reflection",
      "adjustment_source": "rag",
      "sharpe_ratio": null,
      "max_drawdown": null,
      "volatility": null,
      "win_rate": null
    },
    {
      "reflection_id": 46,
      "date": "2023-11-24",
      "current_theta": {
        "gross_exposure": 0.77,
        "max_w": 0.15636614999999998,
        "turnover_cap": 0.259108432,
        "risk_mode": "neutral",
        "enter_th": 0.021,
        "exit_th": -0.0976191488,
        "factor_weights_delta": {},
        "timestamp": "2025-12-26T00:21:22.695720",
        "reflection_id": 45
      },
      "new_theta": {
        "gross_exposure": 0.77,
        "max_w": 0.15636614999999998,
        "turnover_cap": 0.259108432,
        "risk_mode": "neutral",
        "enter_th": 0.019,
        "exit_th": -0.0976191488,
        "factor_weights_delta": {},
        "timestamp": "2025-12-26T00:21:43.636116",
        "reflection_id": 46
      },
      "weekly_return_before": 0.012562619698506703,
      "weekly_return_after": -0.007926357399012016,
      "account_equity_before": 1435103.4429659229,
      "account_equity_after": 1423728.3001724223,
      "adjustment_reason": "RAG/Naive reflection",
      "adjustment_source": "rag",
      "sharpe_ratio": null,
      "max_drawdown": null,
      "volatility": null,
      "win_rate": null
    },
    {
      "reflection_id": 47,
      "date": "2023-12-01",
      "current_theta": {
        "gross_exposure": 0.77,
        "max_w": 0.15636614999999998,
        "turnover_cap": 0.259108432,
        "risk_mode": "neutral",
        "enter_th": 0.019,
        "exit_th": -0.0976191488,
        "factor_weights_delta": {},
        "timestamp": "2025-12-26T00:21:43.636116",
        "reflection_id": 46
      },
      "new_theta": {
        "gross_exposure": 0.77,
        "max_w": 0.15636614999999998,
        "turnover_cap": 0.259108432,
        "risk_mode": "neutral",
        "enter_th": 0.02,
        "exit_th": -0.0976191488,
        "factor_weights_delta": {},
        "timestamp": "2025-12-26T00:21:59.418929",
        "reflection_id": 47
      },
      "weekly_return_before": -0.007926357399012016,
      "weekly_return_after": -0.008857688937153186,
      "account_equity_before": 1423728.3001724223,
      "account_equity_after": 1411117.3577584731,
      "adjustment_reason": "RAG/Naive reflection",
      "adjustment_source": "rag",
      "sharpe_ratio": null,
      "max_drawdown": null,
      "volatility": null,
      "win_rate": null
    },
    {
      "reflection_id": 48,
      "date": "2023-12-08",
      "current_theta": {
        "gross_exposure": 0.77,
        "max_w": 0.15636614999999998,
        "turnover_cap": 0.259108432,
        "risk_mode": "neutral",
        "enter_th": 0.02,
        "exit_th": -0.0976191488,
        "factor_weights_delta": {},
        "timestamp": "2025-12-26T00:21:59.418929",
        "reflection_id": 47
      },
      "new_theta": {
        "gross_exposure": 0.77,
        "max_w": 0.15636614999999998,
        "turnover_cap": 0.259108432,
        "risk_mode": "neutral",
        "enter_th": 0.021,
        "exit_th": -0.0976191488,
        "factor_weights_delta": {},
        "timestamp": "2025-12-26T00:22:19.071624",
        "reflection_id": 48
      },
      "weekly_return_before": -0.008857688937153186,
      "weekly_return_after": 0.012074176795308311,
      "account_equity_before": 1411117.3577584731,
      "account_equity_after": 1428155.4382149773,
      "adjustment_reason": "RAG/Naive reflection",
      "adjustment_source": "rag",
      "sharpe_ratio": null,
      "max_drawdown": null,
      "volatility": null,
      "win_rate": null
    },
    {
      "reflection_id": 49,
      "date": "2023-12-15",
      "current_theta": {
        "gross_exposure": 0.77,
        "max_w": 0.15636614999999998,
        "turnover_cap": 0.259108432,
        "risk_mode": "neutral",
        "enter_th": 0.021,
        "exit_th": -0.0976191488,
        "factor_weights_delta": {},
        "timestamp": "2025-12-26T00:22:19.071624",
        "reflection_id": 48
      },
      "new_theta": {
        "gross_exposure": 0.77,
        "max_w": 0.15636614999999998,
        "turnover_cap": 0.259108432,
        "risk_mode": "neutral",
        "enter_th": 0.019,
        "exit_th": -0.0976191488,
        "factor_weights_delta": {},
        "timestamp": "2025-12-26T00:22:42.217280",
        "reflection_id": 49
      },
      "weekly_return_before": 0.012074176795308311,
      "weekly_return_after": 0.007788970210967042,
      "account_equity_before": 1428155.4382149773,
      "account_equity_after": 1439279.2983798643,
      "adjustment_reason": "RAG/Naive reflection",
      "adjustment_source": "rag",
      "sharpe_ratio": null,
      "max_drawdown": null,
      "volatility": null,
      "win_rate": null
    },
    {
      "reflection_id": 50,
      "date": "2023-12-22",
      "current_theta": {
        "gross_exposure": 0.77,
        "max_w": 0.15636614999999998,
        "turnover_cap": 0.259108432,
        "risk_mode": "neutral",
        "enter_th": 0.019,
        "exit_th": -0.0976191488,
        "factor_weights_delta": {},
        "timestamp": "2025-12-26T00:22:42.217280",
        "reflection_id": 49
      },
      "new_theta": {
        "gross_exposure": 0.77,
        "max_w": 0.15636614999999998,
        "turnover_cap": 0.259108432,
        "risk_mode": "neutral",
        "enter_th": 0.018,
        "exit_th": -0.0976191488,
        "factor_weights_delta": {},
        "timestamp": "2025-12-26T00:23:00.041308",
        "reflection_id": 50
      },
      "weekly_return_before": 0.007788970210967042,
      "weekly_return_after": 0.007117823942469964,
      "account_equity_before": 1439279.2983798643,
      "account_equity_after": 1449523.8350297739,
      "adjustment_reason": "RAG/Naive reflection",
      "adjustment_source": "rag",
      "sharpe_ratio": null,
      "max_drawdown": null,
      "volatility": null,
      "win_rate": null
    },
    {
      "reflection_id": 51,
      "date": "2023-12-29",
      "current_theta": {
        "gross_exposure": 0.77,
        "max_w": 0.15636614999999998,
        "turnover_cap": 0.259108432,
        "risk_mode": "neutral",
        "enter_th": 0.018,
        "exit_th": -0.0976191488,
        "factor_weights_delta": {},
        "timestamp": "2025-12-26T00:23:00.041308",
        "reflection_id": 50
      },
      "new_theta": {
        "gross_exposure": 0.7777000000000001,
        "max_w": 0.1579298115,
        "turnover_cap": 0.259108432,
        "risk_mode": "neutral",
        "enter_th": 0.018,
        "exit_th": -0.0976191488,
        "factor_weights_delta": {},
        "timestamp": "2025-12-26T00:23:00.041308",
        "reflection_id": 51
      },
      "weekly_return_before": 0.007117823942469964,
      "weekly_return_after": 0.0,
      "account_equity_before": 1449523.8350297739,
      "account_equity_after": 1449523.8350297739,
      "adjustment_reason": "RAG/Naive reflection",
      "adjustment_source": "rag",
      "sharpe_ratio": null,
      "max_drawdown": null,
      "volatility": null,
      "win_rate": null
    }
  ],
  "effectiveness_history": [
    {
      "reflection_id": 1,
      "date": "2023-01-06",
      "return_improvement": 0.007732929536230448,
      "sharpe_improvement": null,
      "drawdown_change": null,
      "effectiveness_score": 0.5386646476811523,
      "direction_correct": true
    },
    {
      "reflection_id": 2,
      "date": "2023-01-13",
      "return_improvement": -0.05232041646051896,
      "sharpe_improvement": null,
      "drawdown_change": null,
      "effectiveness_score": 0.0,
      "direction_correct": true
    },
    {
      "reflection_id": 3,
      "date": "2023-01-20",
      "return_improvement": 0.06738267204994634,
      "sharpe_improvement": null,
      "drawdown_change": null,
      "effectiveness_score": 1.0,
      "direction_correct": false
    },
    {
      "reflection_id": 4,
      "date": "2023-01-27",
      "return_improvement": 0.00023688044103137296,
      "sharpe_improvement": null,
      "drawdown_change": null,
      "effectiveness_score": 0.5011844022051568,
      "direction_correct": true
    },
    {
      "reflection_id": 5,
      "date": "2023-02-03",
      "return_improvement": -0.10306146002142144,
      "sharpe_improvement": null,
      "drawdown_change": null,
      "effectiveness_score": 0.0,
      "direction_correct": true
    },
    {
      "reflection_id": 6,
      "date": "2023-02-10",
      "return_improvement": 0.0369079553164769,
      "sharpe_improvement": null,
      "drawdown_change": null,
      "effectiveness_score": 0.869079553164769,
      "direction_correct": false
    },
    {
      "reflection_id": 7,
      "date": "2023-02-17",
      "return_improvement": -0.05490121107648288,
      "sharpe_improvement": null,
      "drawdown_change": null,
      "effectiveness_score": 0.0,
      "direction_correct": false
    },
    {
      "reflection_id": 8,
      "date": "2023-02-24",
      "return_improvement": 0.07096793566507983,
      "sharpe_improvement": null,
      "drawdown_change": null,
      "effectiveness_score": 1.0,
      "direction_correct": false
    },
    {
      "reflection_id": 9,
      "date": "2023-03-03",
      "return_improvement": -0.027071103605569604,
      "sharpe_improvement": null,
      "drawdown_change": null,
      "effectiveness_score": 0.22928896394430398,
      "direction_correct": true
    },
    {
      "reflection_id": 10,
      "date": "2023-03-10",
      "return_improvement": 0.08615683018015957,
      "sharpe_improvement": null,
      "drawdown_change": null,
      "effectiveness_score": 1.0,
      "direction_correct": false
    },
    {
      "reflection_id": 11,
      "date": "2023-03-17",
      "return_improvement": -0.07614431224523999,
      "sharpe_improvement": null,
      "drawdown_change": null,
      "effectiveness_score": 0.0,
      "direction_correct": true
    },
    {
      "reflection_id": 12,
      "date": "2023-03-24",
      "return_improvement": 0.017688680796276453,
      "sharpe_improvement": null,
      "drawdown_change": null,
      "effectiveness_score": 0.6768868079627646,
      "direction_correct": true
    },
    {
      "reflection_id": 13,
      "date": "2023-03-31",
      "return_improvement": -0.029675293538524147,
      "sharpe_improvement": null,
      "drawdown_change": null,
      "effectiveness_score": 0.2032470646147585,
      "direction_correct": true
    },
    {
      "reflection_id": 14,
      "date": "2023-04-14",
      "return_improvement": -0.01305072150965678,
      "sharpe_improvement": null,
      "drawdown_change": null,
      "effectiveness_score": 0.3694927849034322,
      "direction_correct": false
    },
    {
      "reflection_id": 15,
      "date": "2023-04-21",
      "return_improvement": 0.15642109684865754,
      "sharpe_improvement": null,
      "drawdown_change": null,
      "effectiveness_score": 1.0,
      "direction_correct": false
    },
    {
      "reflection_id": 16,
      "date": "2023-04-28",
      "return_improvement": -0.12138210770923402,
      "sharpe_improvement": null,
      "drawdown_change": null,
      "effectiveness_score": 0.0,
      "direction_correct": true
    },
    {
      "reflection_id": 17,
      "date": "2023-05-05",
      "return_improvement": 0.00993276283541648,
      "sharpe_improvement": null,
      "drawdown_change": null,
      "effectiveness_score": 0.5496638141770824,
      "direction_correct": true
    },
    {
      "reflection_id": 18,
      "date": "2023-05-12",
      "return_improvement": 0.00041911230179731557,
      "sharpe_improvement": null,
      "drawdown_change": null,
      "effectiveness_score": 0.5020955615089866,
      "direction_correct": true
    },
    {
      "reflection_id": 19,
      "date": "2023-05-19",
      "return_improvement": -0.007401717054121824,
      "sharpe_improvement": null,
      "drawdown_change": null,
      "effectiveness_score": 0.46299141472939087,
      "direction_correct": true
    },
    {
      "reflection_id": 20,
      "date": "2023-05-26",
      "return_improvement": 0.015642520013814096,
      "sharpe_improvement": null,
      "drawdown_change": null,
      "effectiveness_score": 0.656425200138141,
      "direction_correct": true
    },
    {
      "reflection_id": 21,
      "date": "2023-06-02",
      "return_improvement": -0.008927377970204112,
      "sharpe_improvement": null,
      "drawdown_change": null,
      "effectiveness_score": 0.45536311014897946,
      "direction_correct": true
    },
    {
      "reflection_id": 22,
      "date": "2023-06-09",
      "return_improvement": 0.011382856850664723,
      "sharpe_improvement": null,
      "drawdown_change": null,
      "effectiveness_score": 0.6138285685066472,
      "direction_correct": true
    },
    {
      "reflection_id": 23,
      "date": "2023-06-16",
      "return_improvement": -0.028544817074576588,
      "sharpe_improvement": null,
      "drawdown_change": null,
      "effectiveness_score": 0.2145518292542341,
      "direction_correct": true
    },
    {
      "reflection_id": 24,
      "date": "2023-06-23",
      "return_improvement": -0.0013707441904307728,
      "sharpe_improvement": null,
      "drawdown_change": null,
      "effectiveness_score": 0.49314627904784614,
      "direction_correct": true
    },
    {
      "reflection_id": 25,
      "date": "2023-06-30",
      "return_improvement": -0.010974556402735208,
      "sharpe_improvement": null,
      "drawdown_change": null,
      "effectiveness_score": 0.3902544359726479,
      "direction_correct": false
    },
    {
      "reflection_id": 26,
      "date": "2023-07-07",
      "return_improvement": -0.0044686173509739975,
      "sharpe_improvement": null,
      "drawdown_change": null,
      "effectiveness_score": 0.47765691324513,
      "direction_correct": false
    },
    {
      "reflection_id": 27,
      "date": "2023-07-14",
      "return_improvement": -0.025785329977353055,
      "sharpe_improvement": null,
      "drawdown_change": null,
      "effectiveness_score": 0.24214670022646945,
      "direction_correct": false
    },
    {
      "reflection_id": 28,
      "date": "2023-07-21",
      "return_improvement": 0.038515786852068495,
      "sharpe_improvement": null,
      "drawdown_change": null,
      "effectiveness_score": 0.8851578685206849,
      "direction_correct": false
    },
    {
      "reflection_id": 29,
      "date": "2023-07-28",
      "return_improvement": -0.0003297423776082646,
      "sharpe_improvement": null,
      "drawdown_change": null,
      "effectiveness_score": 0.49835128811195867,
      "direction_correct": true
    },
    {
      "reflection_id": 30,
      "date": "2023-08-04",
      "return_improvement": 0.02406799515964795,
      "sharpe_improvement": null,
      "drawdown_change": null,
      "effectiveness_score": 0.7406799515964795,
      "direction_correct": false
    },
    {
      "reflection_id": 31,
      "date": "2023-08-11",
      "return_improvement": -0.023848399877377573,
      "sharpe_improvement": null,
      "drawdown_change": null,
      "effectiveness_score": 0.26151600122622426,
      "direction_correct": true
    },
    {
      "reflection_id": 32,
      "date": "2023-08-18",
      "return_improvement": 0.0008946341863121624,
      "sharpe_improvement": null,
      "drawdown_change": null,
      "effectiveness_score": 0.5044731709315609,
      "direction_correct": false
    },
    {
      "reflection_id": 33,
      "date": "2023-08-25",
      "return_improvement": 0.01864890373374726,
      "sharpe_improvement": null,
      "drawdown_change": null,
      "effectiveness_score": 0.6864890373374726,
      "direction_correct": false
    },
    {
      "reflection_id": 34,
      "date": "2023-09-01",
      "return_improvement": -0.028876525958753382,
      "sharpe_improvement": null,
      "drawdown_change": null,
      "effectiveness_score": 0.21123474041246615,
      "direction_correct": true
    },
    {
      "reflection_id": 35,
      "date": "2023-09-08",
      "return_improvement": 0.015084370171760645,
      "sharpe_improvement": null,
      "drawdown_change": null,
      "effectiveness_score": 0.6508437017176064,
      "direction_correct": false
    },
    {
      "reflection_id": 36,
      "date": "2023-09-15",
      "return_improvement": -0.05562765686360158,
      "sharpe_improvement": null,
      "drawdown_change": null,
      "effectiveness_score": 0.0,
      "direction_correct": true
    },
    {
      "reflection_id": 37,
      "date": "2023-09-22",
      "return_improvement": 0.052933359178971656,
      "sharpe_improvement": null,
      "drawdown_change": null,
      "effectiveness_score": 1.0,
      "direction_correct": false
    },
    {
      "reflection_id": 38,
      "date": "2023-09-29",
      "return_improvement": -0.013216691628286573,
      "sharpe_improvement": null,
      "drawdown_change": null,
      "effectiveness_score": 0.3678330837171343,
      "direction_correct": true
    },
    {
      "reflection_id": 39,
      "date": "2023-10-06",
      "return_improvement": 0.010050638450367678,
      "sharpe_improvement": null,
      "drawdown_change": null,
      "effectiveness_score": 0.6005063845036768,
      "direction_correct": false
    },
    {
      "reflection_id": 40,
      "date": "2023-10-13",
      "return_improvement": -0.017695584033500106,
      "sharpe_improvement": null,
      "drawdown_change": null,
      "effectiveness_score": 0.32304415966499894,
      "direction_correct": false
    },
    {
      "reflection_id": 41,
      "date": "2023-10-20",
      "return_improvement": 0.03640646148971897,
      "sharpe_improvement": null,
      "drawdown_change": null,
      "effectiveness_score": 0.8640646148971897,
      "direction_correct": false
    },
    {
      "reflection_id": 42,
      "date": "2023-10-27",
      "return_improvement": 0.0020599904605191136,
      "sharpe_improvement": null,
      "drawdown_change": null,
      "effectiveness_score": 0.5102999523025956,
      "direction_correct": true
    },
    {
      "reflection_id": 43,
      "date": "2023-11-03",
      "return_improvement": 0.008613176569424272,
      "sharpe_improvement": null,
      "drawdown_change": null,
      "effectiveness_score": 0.5430658828471213,
      "direction_correct": true
    },
    {
      "reflection_id": 44,
      "date": "2023-11-10",
      "return_improvement": -0.02053692870184978,
      "sharpe_improvement": null,
      "drawdown_change": null,
      "effectiveness_score": 0.29463071298150223,
      "direction_correct": true
    },
    {
      "reflection_id": 45,
      "date": "2023-11-17",
      "return_improvement": 0.006808659838438121,
      "sharpe_improvement": null,
      "drawdown_change": null,
      "effectiveness_score": 0.5340432991921906,
      "direction_correct": true
    },
    {
      "reflection_id": 46,
      "date": "2023-11-24",
      "return_improvement": -0.02048897709751872,
      "sharpe_improvement": null,
      "drawdown_change": null,
      "effectiveness_score": 0.29511022902481276,
      "direction_correct": true
    },
    {
      "reflection_id": 47,
      "date": "2023-12-01",
      "return_improvement": -0.0009313315381411693,
      "sharpe_improvement": null,
      "drawdown_change": null,
      "effectiveness_score": 0.49534334230929417,
      "direction_correct": false
    },
    {
      "reflection_id": 48,
      "date": "2023-12-08",
      "return_improvement": 0.020931865732461495,
      "sharpe_improvement": null,
      "drawdown_change": null,
      "effectiveness_score": 0.709318657324615,
      "direction_correct": false
    },
    {
      "reflection_id": 49,
      "date": "2023-12-15",
      "return_improvement": -0.0042852065843412696,
      "sharpe_improvement": null,
      "drawdown_change": null,
      "effectiveness_score": 0.47857396707829364,
      "direction_correct": true
    },
    {
      "reflection_id": 50,
      "date": "2023-12-22",
      "return_improvement": -0.0006711462684970779,
      "sharpe_improvement": null,
      "drawdown_change": null,
      "effectiveness_score": 0.4966442686575146,
      "direction_correct": true
    }
  ],
  "learned_patterns": {
    "market_states": {},
    "return_ranges": {
      "high_positive": {
        "count": 10,
        "total_effectiveness": 2.265910703497249,
        "successful_adjustments": []
      },
      "neutral": {
        "count": 17,
        "total_effectiveness": 8.466171596003559,
        "successful_adjustments": [
          {
            "theta_before": {
              "gross_exposure": 0.85,
              "max_w": 0.18,
              "turnover_cap": 0.25,
              "risk_mode": "neutral",
              "enter_th": 0.016,
              "exit_th": -0.1,
              "factor_weights_delta": {},
              "timestamp": "2025-12-26T00:09:59.738272",
              "reflection_id": 2
            },
            "theta_after": {
              "gross_exposure": 0.85,
              "max_w": 0.18,
              "turnover_cap": 0.25,
              "risk_mode": "neutral",
              "enter_th": 0.017,
              "exit_th": -0.1,
              "factor_weights_delta": {},
              "timestamp": "2025-12-26T00:10:18.457366",
              "reflection_id": 3
            },
            "effectiveness": 1.0
          },
          {
            "theta_before": {
              "gross_exposure": 0.78,
              "max_w": 0.15,
              "turnover_cap": 0.253,
              "risk_mode": "neutral",
              "enter_th": 0.02,
              "exit_th": -0.09920000000000001,
              "factor_weights_delta": {},
              "timestamp": "2025-12-26T00:13:21.991327",
              "reflection_id": 11
            },
            "theta_after": {
              "gross_exposure": 0.78,
              "max_w": 0.15,
              "turnover_cap": 0.253,
              "risk_mode": "neutral",
              "enter_th": 0.019,
              "exit_th": -0.09920000000000001,
              "factor_weights_delta": {},
              "timestamp": "2025-12-26T00:13:39.843422",
              "reflection_id": 12
            },
            "effectiveness": 0.6768868079627646
          },
          {
            "theta_before": {
              "gross_exposure": 0.85,
              "max_w": 0.18,
              "turnover_cap": 0.25,
              "risk_mode": "neutral",
              "enter_th": 0.017,
              "exit_th": -0.1,
              "factor_weights_delta": {},
              "timestamp": "2025-12-26T00:18:13.162661",
              "reflection_id": 29
            },
            "theta_after": {
              "gross_exposure": 0.85,
              "max_w": 0.18,
              "turnover_cap": 0.25,
              "risk_mode": "neutral",
              "enter_th": 0.017,
              "exit_th": -0.1,
              "factor_weights_delta": {},
              "timestamp": "2025-12-26T00:18:15.325655",
              "reflection_id": 30
            },
            "effectiveness": 0.7406799515964795
          },
          {
            "theta_before": {
              "gross_exposure": 0.85,
              "max_w": 0.18,
              "turnover_cap": 0.25,
              "risk_mode": "neutral",
              "enter_th": 0.017,
              "exit_th": -0.1,
              "factor_weights_delta": {},
              "timestamp": "2025-12-26T00:19:06.764055",
              "reflection_id": 32
            },
            "theta_after": {
              "gross_exposure": 0.85,
              "max_w": 0.18,
              "turnover_cap": 0.25,
              "risk_mode": "neutral",
              "enter_th": 0.017,
              "exit_th": -0.1,
              "factor_weights_delta": {},
              "timestamp": "2025-12-26T00:19:08.980128",
              "reflection_id": 33
            },
            "effectiveness": 0.6864890373374726
          },
          {
            "theta_before": {
              "gross_exposure": 0.77,
              "max_w": 0.15636614999999998,
              "turnover_cap": 0.259108432,
              "risk_mode": "neutral",
              "enter_th": 0.02,
              "exit_th": -0.0976191488,
              "factor_weights_delta": {},
              "timestamp": "2025-12-26T00:21:59.418929",
              "reflection_id": 47
            },
            "theta_after": {
              "gross_exposure": 0.77,
              "max_w": 0.15636614999999998,
              "turnover_cap": 0.259108432,
              "risk_mode": "neutral",
              "enter_th": 0.021,
              "exit_th": -0.0976191488,
              "factor_weights_delta": {},
              "timestamp": "2025-12-26T00:22:19.071624",
              "reflection_id": 48
            },
            "effectiveness": 0.709318657324615
          }
        ]
      },
      "high_negative": {
        "count": 6,
        "total_effectiveness": 5.618302036582644,
        "successful_adjustments": [
          {
            "theta_before": {
              "gross_exposure": 0.85,
              "max_w": 0.1854,
              "turnover_cap": 0.253,
              "risk_mode": "neutral",
              "enter_th": 0.015744,
              "exit_th": -0.09920000000000001,
              "factor_weights_delta": {},
              "timestamp": "2025-12-26T00:10:49.491298",
              "reflection_id": 5
            },
            "theta_after": {
              "gross_exposure": 0.8,
              "max_w": 0.17,
              "turnover_cap": 0.253,
              "risk_mode": "risk_off",
              "enter_th": 0.018,
              "exit_th": -0.09920000000000001,
              "factor_weights_delta": {},
              "timestamp": "2025-12-26T00:11:44.567541",
              "reflection_id": 6
            },
            "effectiveness": 0.869079553164769
          },
          {
            "theta_before": {
              "gross_exposure": 0.8,
              "max_w": 0.17,
              "turnover_cap": 0.253,
              "risk_mode": "risk_off",
              "enter_th": 0.019,
              "exit_th": -0.09920000000000001,
              "factor_weights_delta": {},
              "timestamp": "2025-12-26T00:12:02.526288",
              "reflection_id": 7
            },
            "theta_after": {
              "gross_exposure": 0.75,
              "max_w": 0.15,
              "turnover_cap": 0.253,
              "risk_mode": "risk_off",
              "enter_th": 0.022,
              "exit_th": -0.09920000000000001,
              "factor_weights_delta": {},
              "timestamp": "2025-12-26T00:12:22.510755",
              "reflection_id": 8
            },
            "effectiveness": 1.0
          },
          {
            "theta_before": {
              "gross_exposure": 0.75,
              "max_w": 0.15,
              "turnover_cap": 0.253,
              "risk_mode": "neutral",
              "enter_th": 0.02,
              "exit_th": -0.09920000000000001,
              "factor_weights_delta": {},
              "timestamp": "2025-12-26T00:14:21.716541",
              "reflection_id": 14
            },
            "theta_after": {
              "gross_exposure": 0.7,
              "max_w": 0.15,
              "turnover_cap": 0.253,
              "risk_mode": "risk_off",
              "enter_th": 0.025,
              "exit_th": -0.09920000000000001,
              "factor_weights_delta": {},
              "timestamp": "2025-12-26T00:14:42.593437",
              "reflection_id": 15
            },
            "effectiveness": 1.0
          },
          {
            "theta_before": {
              "gross_exposure": 0.75,
              "max_w": 0.16,
              "turnover_cap": 0.25,
              "risk_mode": "risk_off",
              "enter_th": 0.022,
              "exit_th": -0.1,
              "factor_weights_delta": {},
              "timestamp": "2025-12-26T00:18:08.682608",
              "reflection_id": 27
            },
            "theta_after": {
              "gross_exposure": 0.7,
              "max_w": 0.15,
              "turnover_cap": 0.253,
              "risk_mode": "risk_off",
              "enter_th": 0.025,
              "exit_th": -0.09920000000000001,
              "factor_weights_delta": {},
              "timestamp": "2025-12-26T00:18:10.980365",
              "reflection_id": 28
            },
            "effectiveness": 0.8851578685206849
          },
          {
            "theta_before": {
              "gross_exposure": 0.85,
              "max_w": 0.18,
              "turnover_cap": 0.25,
              "risk_mode": "neutral",
              "enter_th": 0.017,
              "exit_th": -0.1,
              "factor_weights_delta": {},
              "timestamp": "2025-12-26T00:19:33.166677",
              "reflection_id": 36
            },
            "theta_after": {
              "gross_exposure": 0.75,
              "max_w": 0.15,
              "turnover_cap": 0.253,
              "risk_mode": "risk_off",
              "enter_th": 0.022,
              "exit_th": -0.09920000000000001,
              "factor_weights_delta": {},
              "timestamp": "2025-12-26T00:19:35.379673",
              "reflection_id": 37
            },
            "effectiveness": 1.0
          },
          {
            "theta_before": {
              "gross_exposure": 0.75,
              "max_w": 0.15,
              "turnover_cap": 0.253,
              "risk_mode": "neutral",
              "enter_th": 0.023,
              "exit_th": -0.09920000000000001,
              "factor_weights_delta": {},
              "timestamp": "2025-12-26T00:20:00.650267",
              "reflection_id": 40
            },
            "theta_after": {
              "gross_exposure": 0.7,
              "max_w": 0.15,
              "turnover_cap": 0.253,
              "risk_mode": "risk_off",
              "enter_th": 0.025,
              "exit_th": -0.09920000000000001,
              "factor_weights_delta": {},
              "timestamp": "2025-12-26T00:20:02.938958",
              "reflection_id": 41
            },
            "effectiveness": 0.8640646148971897
          }
        ]
      },
      "positive": {
        "count": 11,
        "total_effectiveness": 4.706161545107518,
        "successful_adjustments": [
          {
            "theta_before": {
              "gross_exposure": 0.85,
              "max_w": 0.19096200000000002,
              "turnover_cap": 0.256036,
              "risk_mode": "neutral",
              "enter_th": 0.016460352,
              "exit_th": -0.0984064,
              "factor_weights_delta": {},
              "timestamp": "2025-12-26T00:15:04.805787",
              "reflection_id": 19
            },
            "theta_after": {
              "gross_exposure": 0.85,
              "max_w": 0.18,
              "turnover_cap": 0.256036,
              "risk_mode": "neutral",
              "enter_th": 0.015,
              "exit_th": -0.0984064,
              "factor_weights_delta": {},
              "timestamp": "2025-12-26T00:16:04.850785",
              "reflection_id": 20
            },
            "effectiveness": 0.656425200138141
          },
          {
            "theta_before": {
              "gross_exposure": 0.85,
              "max_w": 0.1854,
              "turnover_cap": 0.259108432,
              "risk_mode": "neutral",
              "enter_th": 0.014759999999999999,
              "exit_th": -0.0976191488,
              "factor_weights_delta": {},
              "timestamp": "2025-12-26T00:16:04.850785",
              "reflection_id": 21
            },
            "theta_after": {
              "gross_exposure": 0.85,
              "max_w": 0.18,
              "turnover_cap": 0.259108432,
              "risk_mode": "neutral",
              "enter_th": 0.014,
              "exit_th": -0.0976191488,
              "factor_weights_delta": {},
              "timestamp": "2025-12-26T00:17:05.026265",
              "reflection_id": 22
            },
            "effectiveness": 0.6138285685066472
          }
        ]
      },
      "negative": {
        "count": 6,
        "total_effectiveness": 3.3406464845963146,
        "successful_adjustments": [
          {
            "theta_before": {
              "gross_exposure": 0.78,
              "max_w": 0.15,
              "turnover_cap": 0.253,
              "risk_mode": "risk_off",
              "enter_th": 0.02,
              "exit_th": -0.09920000000000001,
              "factor_weights_delta": {},
              "timestamp": "2025-12-26T00:12:42.092542",
              "reflection_id": 9
            },
            "theta_after": {
              "gross_exposure": 0.75,
              "max_w": 0.15,
              "turnover_cap": 0.253,
              "risk_mode": "risk_off",
              "enter_th": 0.022,
              "exit_th": -0.09920000000000001,
              "factor_weights_delta": {},
              "timestamp": "2025-12-26T00:12:59.699318",
              "reflection_id": 10
            },
            "effectiveness": 1.0
          },
          {
            "theta_before": {
              "gross_exposure": 0.85,
              "max_w": 0.18,
              "turnover_cap": 0.25,
              "risk_mode": "neutral",
              "enter_th": 0.016,
              "exit_th": -0.1,
              "factor_weights_delta": {},
              "timestamp": "2025-12-26T00:19:28.979887",
              "reflection_id": 34
            },
            "theta_after": {
              "gross_exposure": 0.75,
              "max_w": 0.15,
              "turnover_cap": 0.253,
              "risk_mode": "risk_off",
              "enter_th": 0.022,
              "exit_th": -0.09920000000000001,
              "factor_weights_delta": {},
              "timestamp": "2025-12-26T00:19:30.877097",
              "reflection_id": 35
            },
            "effectiveness": 0.6508437017176064
          },
          {
            "theta_before": {
              "gross_exposure": 0.85,
              "max_w": 0.18,
              "turnover_cap": 0.25,
              "risk_mode": "neutral",
              "enter_th": 0.017,
              "exit_th": -0.1,
              "factor_weights_delta": {},
              "timestamp": "2025-12-26T00:19:37.490340",
              "reflection_id": 38
            },
            "theta_after": {
              "gross_exposure": 0.75,
              "max_w": 0.15,
              "turnover_cap": 0.253,
              "risk_mode": "risk_off",
              "enter_th": 0.022,
              "exit_th": -0.09920000000000001,
              "factor_weights_delta": {},
              "timestamp": "2025-12-26T00:19:39.692586",
              "reflection_id": 39
            },
            "effectiveness": 0.6005063845036768
          }
        ]
      }
    },
    "adjustment_directions": {}
  }
}